{"mse": 0.7137343883514404, "mae": 0.4528731107711792, "yaw_mae": 0.7076182961463928, "pitch_mae": 0.19812795519828796}