{"mse": 0.411903977394104, "mae": 0.3246012032032013, "yaw_mae": 0.5208855867385864, "pitch_mae": 0.1283167600631714}