{
  "mean": [
    -0.7307120208699474,
    3.8055369577786196,
    0.19431286188483987,
    -0.6847234833668044,
    -0.13941926959375542,
    3.190337921857532
  ],
  "scale": [
    24.393058111219432,
    12.302876678349673,
    2.3674955990786306,
    0.6262378467600399,
    2.231526362133983,
    0.9257611202168399
  ],
  "feature_names": [
    "deltaYaw",
    "deltaPitch",
    "deltaX",
    "deltaY",
    "deltaZ",
    "distance"
  ]
}