{
  "mean": [
    -1.001285094577989,
    3.3244056991025004,
    0.715572708591371,
    -0.5393155857716764,
    -0.2731810717596791,
    3.037213013815098
  ],
  "scale": [
    13.03197238143459,
    10.713776134608572,
    2.173942920118585,
    0.5748745224696151,
    2.0445238090890756,
    0.7945075896878707
  ],
  "feature_names": [
    "deltaYaw",
    "deltaPitch",
    "deltaX",
    "deltaY",
    "deltaZ",
    "distance"
  ]
}